"count","results__id","results__challenge_id","results__user_id","results__team_id"
"1573","60","60","95","36"
"","73","85","130","47"
"","75","60","311","106"
"","84","87","130","47"
"","86","61","95","36"
"","97","89","130","47"
"","106","90","130","47"
"","117","56","220","71"
"","131","85","469","162"
"","144","108","328","111"
"","160","78","200","67"
"","176","56","311","106"
"","193","110","362","121"
"","205","92","130","47"
"","211","108","362","121"
"","220","93","130","47"
"","222","94","130","47"
"","252","95","130","47"
"","254","85","365","122"
"","272","97","130","47"
"","273","98","130","47"
"","276","62","200","67"
"","277","99","130","47"
"","280","87","469","162"
"","285","100","130","47"
"","297","101","130","47"
"","299","102","130","47"
"","304","50","73","29"
"","310","104","130","47"
"","312","111","362","121"
"","318","73","200","67"
"","319","112","362","121"
"","327","89","469","162"
"","328","113","362","121"
"","330","85","331","111"
"","331","51","73","29"
"","338","78","63","25"
"","344","114","362","121"
"","353","116","200","67"
"","372","87","200","67"
"","377","87","136","48"
"","378","115","362","121"
"","386","94","200","67"
"","417","56","365","122"
"","441","111","200","67"
"","459","113","200","67"
"","470","114","200","67"
"","490","56","205","67"
"","501","89","136","48"
"","509","52","73","29"
"","515","90","136","48"
"","528","73","95","36"
"","552","87","331","111"
"","555","92","136","48"
"","560","108","239","77"
"","562","93","136","48"
"","571","133","433","79"
"","578","94","136","48"
"","587","108","130","47"
"","603","62","311","106"
"","610","95","136","48"
"","617","89","331","111"
"","635","111","365","122"
"","636","90","331","111"
"","638","56","395","132"
"","673","58","52","23"
"","680","121","73","29"
"","692","60","388","130"
"","695","108","200","67"
"","706","97","331","111"
"","710","98","331","111"
"","711","99","331","111"
"","714","139","201","67"
"","715","100","331","111"
"","716","62","220","71"
"","721","96","136","48"
"","723","101","331","111"
"","738","102","331","111"
"","740","97","136","48"
"","748","65","200","67"
"","756","103","331","111"
"","766","68","63","25"
"","768","104","331","111"
"","784","113","130","47"
"","796","98","136","48"
"","800","99","136","48"
"","806","100","136","48"
"","823","114","130","47"
"","847","111","130","47"
"","857","101","136","48"
"","859","121","309","104"
"","861","78","389","130"
"","865","58","495","176"
"","868","58","311","106"
"","869","92","331","111"
"","874","102","136","48"
"","916","93","331","111"
"","921","108","333","112"
"","923","103","136","48"
"","924","133","185","63"
"","929","94","331","111"
"","946","104","136","48"
"","948","108","61","25"
"","967","139","83","31"
"","980","112","200","67"
"","986","108","220","71"
"","992","79","75","29"
"","1052","109","200","67"
"","1053","109","61","25"
"","1064","112","130","47"
"","1065","85","407","137"
"","1069","118","200","67"
"","1075","95","331","111"
"","1080","115","130","47"
"","1090","96","331","111"
"","1092","116","130","47"
"","1097","108","94","36"
"","1098","60","83","31"
"","1100","119","200","67"
"","1114","124","309","104"
"","1123","115","200","67"
"","1184","118","130","47"
"","1186","56","132","47"
"","1196","58","388","130"
"","1208","90","469","162"
"","1212","78","73","29"
"","1215","61","83","31"
"","1219","108","52","23"
"","1221","119","130","47"
"","1226","133","76","29"
"","1235","58","395","132"
"","1247","109","363","121"
"","1248","108","469","162"
"","1257","111","61","25"
"","1275","109","130","47"
"","1282","109","469","162"
"","1284","103","237","76"
"","1302","110","130","47"
"","1308","109","333","112"
"","1312","110","469","162"
"","1324","111","469","162"
"","1350","112","61","25"
"","1365","108","312","106"
"","1367","63","200","67"
"","1370","113","61","25"
"","1373","111","94","36"
"","1385","112","469","162"
"","1386","114","61","25"
"","1388","113","469","162"
"","1394","109","52","23"
"","1396","108","405","137"
"","1400","115","61","25"
"","1406","85","201","67"
"","1411","114","469","162"
"","1412","113","94","36"
"","1414","115","469","162"
"","1417","116","469","162"
"","1440","63","73","29"
"","1442","111","405","137"
"","1450","56","388","130"
"","1460","113","405","137"
"","1466","102","237","76"
"","1472","109","239","77"
"","1486","73","73","29"
"","1494","119","469","162"
"","1505","118","469","162"
"","1506","101","237","76"
"","1518","78","394","132"
"","1521","78","194","65"
"","1532","109","313","106"
"","1535","60","73","29"
"","1538","61","73","29"
"","1545","56","52","23"
"","1582","110","62","25"
"","1583","85","223","72"
"","1588","108","98","37"
"","1606","68","73","29"
"","1624","79","311","106"
"","1627","111","239","77"
"","1641","114","239","77"
"","1644","113","239","77"
"","1649","78","222","71"
"","1652","109","98","37"
"","1653","87","223","72"
"","1678","89","223","72"
"","1686","109","220","71"
"","1712","71","73","29"
"","1741","58","194","65"
"","1770","85","309","104"
"","1788","87","194","65"
"","1803","78","365","122"
"","1806","88","194","65"
"","1807","78","52","23"
"","1808","56","95","36"
"","1815","111","220","71"
"","1816","110","222","71"
"","1817","87","309","104"
"","1818","111","314","106"
"","1825","112","405","137"
"","1827","89","194","65"
"","1837","90","194","65"
"","1840","92","200","67"
"","1841","93","200","67"
"","1847","85","239","77"
"","1850","115","405","137"
"","1852","95","200","67"
"","1853","96","200","67"
"","1854","97","200","67"
"","1868","59","52","23"
"","1872","90","200","67"
"","1875","98","200","67"
"","1881","99","200","67"
"","1882","100","200","67"
"","1883","101","200","67"
"","1884","102","200","67"
"","1885","113","220","71"
"","1908","103","200","67"
"","1917","104","200","67"
"","1921","62","52","23"
"","1922","89","200","67"
"","1925","109","328","111"
"","1926","82","73","29"
"","1974","85","237","76"
"","1988","113","311","106"
"","1990","63","185","63"
"","1995","92","194","65"
"","2004","86","237","76"
"","2007","86","406","137"
"","2013","111","328","111"
"","2014","93","194","65"
"","2021","94","194","65"
"","2059","86","200","67"
"","2060","87","237","76"
"","2082","108","74","29"
"","2086","95","194","65"
"","2090","116","313","106"
"","2108","109","74","29"
"","2109","87","406","137"
"","2118","96","194","65"
"","2133","85","102","37"
"","2135","97","194","65"
"","2141","61","220","71"
"","2146","112","328","111"
"","2152","113","328","111"
"","2157","112","314","106"
"","2160","68","200","67"
"","2171","86","102","37"
"","2175","101","194","65"
"","2177","89","406","137"
"","2182","102","194","65"
"","2193","103","194","65"
"","2194","90","406","137"
"","2195","87","102","37"
"","2199","56","435","80"
"","2200","114","311","106"
"","2204","115","314","106"
"","2215","104","194","65"
"","2216","60","220","71"
"","2220","56","407","137"
"","2227","62","98","37"
"","2228","89","237","76"
"","2249","83","73","29"
"","2258","90","237","76"
"","2283","89","102","37"
"","2289","90","102","37"
"","2293","118","311","106"
"","2295","86","194","65"
"","2301","78","313","106"
"","2309","119","314","106"
"","2317","115","328","111"
"","2345","116","328","111"
"","2355","111","74","29"
"","2402","59","220","71"
"","2411","86","309","104"
"","2413","118","328","111"
"","2421","120","328","111"
"","2432","98","194","65"
"","2436","134","76","29"
"","2438","99","194","65"
"","2444","100","194","65"
"","2446","113","74","29"
"","2453","62","83","31"
"","2467","119","328","111"
"","2476","90","309","104"
"","2481","135","76","29"
"","2485","58","101","37"
"","2487","89","309","104"
"","2491","116","52","23"
"","2492","118","52","23"
"","2497","119","52","23"
"","2506","114","74","29"
"","2509","138","76","29"
"","2512","85","194","65"
"","2519","92","237","76"
"","2530","62","407","137"
"","2567","79","389","130"
"","2595","93","237","76"
"","2597","94","237","76"
"","2614","57","495","176"
"","2624","57","200","67"
"","2630","78","101","37"
"","2645","97","237","76"
"","2654","56","60","25"
"","2695","57","418","143"
"","2769","98","237","76"
"","2774","99","237","76"
"","2786","92","309","104"
"","2793","100","237","76"
"","2794","93","309","104"
"","2796","94","309","104"
"","2799","89","313","106"
"","2813","104","237","76"
"","2824","78","94","36"
"","2847","81","95","36"
"","2854","97","309","104"
"","2869","57","99","37"
"","2900","93","313","106"
"","2905","92","313","106"
"","2910","62","76","29"
"","2911","94","313","106"
"","2919","95","313","106"
"","2929","96","313","106"
"","2936","78","356","118"
"","2941","98","309","104"
"","2945","99","309","104"
"","2949","100","309","104"
"","2965","101","309","104"
"","2969","102","309","104"
"","2981","79","503","179"
"","2982","86","62","25"
"","2987","85","61","25"
"","2992","95","309","104"
"","2994","87","61","25"
"","2995","62","388","130"
"","2998","95","237","76"
"","3008","57","435","80"
"","3018","103","314","106"
"","3029","89","62","25"
"","3039","85","73","29"
"","3044","86","73","29"
"","3048","59","356","118"
"","3049","87","73","29"
"","3052","90","62","25"
"","3089","89","73","29"
"","3090","90","73","29"
"","3101","99","314","106"
"","3105","98","314","106"
"","3110","100","313","106"
"","3117","104","309","104"
"","3126","101","314","106"
"","3127","101","406","137"
"","3128","102","314","106"
"","3130","92","73","29"
"","3132","102","406","137"
"","3133","93","73","29"
"","3134","94","73","29"
"","3135","96","309","104"
"","3139","98","406","137"
"","3140","95","73","29"
"","3142","99","406","137"
"","3144","96","73","29"
"","3145","100","406","137"
"","3148","97","73","29"
"","3150","98","73","29"
"","3159","104","406","137"
"","3162","87","314","106"
"","3166","97","406","137"
"","3177","103","406","137"
"","3199","99","73","29"
"","3202","108","185","63"
"","3203","100","73","29"
"","3209","101","73","29"
"","3222","102","73","29"
"","3228","56","182","63"
"","3237","103","73","29"
"","3243","104","73","29"
"","3256","92","61","25"
"","3267","108","308","104"
"","3281","93","61","25"
"","3288","109","308","104"
"","3300","94","61","25"
"","3332","97","61","25"
"","3338","98","61","25"
"","3345","99","61","25"
"","3348","32","311","106"
"","3352","103","309","104"
"","3354","100","61","25"
"","3355","85","314","106"
"","3370","101","61","25"
"","3399","102","61","25"
"","3400","56","332","112"
"","3423","109","185","63"
"","3428","86","314","106"
"","3437","58","332","112"
"","3451","90","314","106"
"","3455","97","314","106"
"","3460","104","314","106"
"","3461","103","61","25"
"","3469","112","220","71"
"","3489","63","60","25"
"","3496","94","406","137"
"","3501","92","406","137"
"","3505","32","52","23"
"","3524","95","406","137"
"","3526","114","222","71"
"","3529","93","406","137"
"","3532","81","73","29"
"","3540","85","51","23"
"","3548","104","61","25"
"","3556","32","307","104"
"","3558","92","102","37"
"","3559","85","94","36"
"","3569","79","194","65"
"","3582","115","222","71"
"","3596","86","51","23"
"","3598","86","94","36"
"","3615","62","435","80"
"","3616","87","51","23"
"","3623","93","102","37"
"","3632","110","185","63"
"","3642","94","102","37"
"","3651","87","94","36"
"","3685","91","61","25"
"","3736","85","362","121"
"","3740","89","51","23"
"","3743","90","51","23"
"","3798","97","101","37"
"","3812","98","101","37"
"","3820","99","101","37"
"","3827","100","101","37"
"","3830","90","94","36"
"","3837","95","102","37"
"","3841","89","94","36"
"","3858","91","73","29"
"","3872","92","52","23"
"","3877","93","52","23"
"","3879","56","83","31"
"","3883","94","52","23"
"","3891","96","102","37"
"","3908","95","52","23"
"","3916","91","101","37"
"","3919","101","101","37"
"","3942","96","52","23"
"","3952","97","52","23"
"","3965","102","101","37"
"","3970","103","101","37"
"","3977","98","52","23"
"","3979","32","469","162"
"","3980","99","52","23"
"","3981","100","52","23"
"","3984","104","101","37"
"","3991","101","52","23"
"","3995","102","52","23"
"","4006","103","52","23"
"","4007","78","328","111"
"","4059","92","94","36"
"","4062","93","94","36"
"","4069","94","94","36"
"","4080","91","200","67"
"","4089","79","63","25"
"","4094","86","362","121"
"","4137","58","75","29"
"","4161","139","102","37"
"","4163","63","312","106"
"","4176","87","362","121"
"","4177","97","94","36"
"","4183","98","94","36"
"","4194","99","94","36"
"","4200","100","94","36"
"","4202","88","309","104"
"","4208","86","224","72"
"","4222","101","94","36"
"","4226","103","130","47"
"","4227","90","362","121"
"","4228","102","94","36"
"","4231","86","130","47"
"","4236","86","469","162"
"","4244","103","94","36"
"","4246","88","130","47"
"","4253","116","222","71"
"","4255","85","227","73"
"","4264","88","469","162"
"","4286","59","313","106"
"","4287","86","227","73"
"","4301","97","469","162"
"","4306","98","469","162"
"","4312","99","469","162"
"","4319","100","469","162"
"","4325","59","200","67"
"","4326","101","469","162"
"","4332","102","469","162"
"","4336","87","227","73"
"","4340","103","469","162"
"","4355","104","469","162"
"","4362","62","328","111"
"","4368","88","362","121"
"","4369","89","362","121"
"","4376","56","100","37"
"","4380","91","362","121"
"","4383","104","51","23"
"","4384","97","362","121"
"","4389","103","362","121"
"","4394","88","51","23"
"","4402","101","362","121"
"","4404","88","227","73"
"","4416","89","227","73"
"","4418","82","313","106"
"","4420","102","362","121"
"","4421","90","227","73"
"","4453","92","362","121"
"","4475","108","228","73"
"","4479","71","339","114"
"","4480","91","227","73"
"","4498","92","227","73"
"","4501","139","94","36"
"","4528","93","227","73"
"","4529","59","308","104"
"","4534","94","227","73"
"","4541","109","228","73"
"","4559","94","362","121"
"","4579","59","182","63"
"","4581","73","313","106"
"","4588","60","394","132"
"","4612","72","200","67"
"","4618","88","237","76"
"","4634","73","52","23"
"","4652","93","362","121"
"","4677","111","228","73"
"","4722","113","228","73"
"","4730","82","136","48"
"","4744","91","237","76"
"","4763","58","365","122"
"","4767","32","130","47"
"","4770","72","76","29"
"","4778","82","200","67"
"","4781","61","394","132"
"","4782","69","74","29"
"","4793","97","227","73"
"","4801","116","228","73"
"","4803","98","362","121"
"","4805","99","362","121"
"","4806","88","61","25"
"","4807","100","362","121"
"","4816","104","362","121"
"","4821","98","227","73"
"","4838","83","313","106"
"","4840","73","99","37"
"","4846","60","365","122"
"","4848","72","52","23"
"","4865","106","76","29"
"","4869","68","314","106"
"","4880","99","227","73"
"","4912","72","313","106"
"","4916","79","52","23"
"","4918","60","136","48"
"","4927","120","313","106"
"","4936","65","313","106"
"","4970","101","227","73"
"","4980","102","227","73"
"","5002","95","61","25"
"","5076","95","362","121"
"","5080","64","73","29"
"","5089","65","73","29"
"","5134","60","99","37"
"","5137","104","227","73"
"","5143","81","395","132"
"","5146","108","434","80"
"","5154","109","434","80"
"","5155","100","227","73"
"","5193","88","311","106"
"","5197","58","130","47"
"","5221","91","311","106"
"","5223","78","405","137"
"","5257","72","101","37"
"","5258","108","393","132"
"","5262","32","200","67"
"","5267","82","51","23"
"","5294","85","434","80"
"","5297","96","61","25"
"","5298","91","406","137"
"","5302","86","434","80"
"","5309","87","434","80"
"","5331","88","434","80"
"","5337","89","434","80"
"","5343","59","328","111"
"","5345","90","434","80"
"","5356","109","393","132"
"","5366","32","74","29"
"","5376","58","83","31"
"","5396","78","339","114"
"","5453","50","313","106"
"","5457","112","228","73"
"","5459","56","328","111"
"","5465","115","228","73"
"","5473","116","362","121"
"","5485","74","73","29"
"","5500","118","362","121"
"","5529","109","405","137"
"","5549","50","306","104"
"","5563","62","339","114"
"","5581","51","313","106"
"","5599","63","83","31"
"","5635","75","73","29"
"","5640","92","434","80"
"","5643","119","362","121"
"","5648","120","362","121"
"","5650","114","228","73"
"","5685","79","136","48"
"","5712","88","200","67"
"","5725","110","74","29"
"","5729","93","434","80"
"","5731","73","395","132"
"","5735","94","434","80"
"","5742","95","434","80"
"","5771","97","435","80"
"","5788","98","435","80"
"","5792","99","435","80"
"","5794","100","435","80"
"","5801","116","406","137"
"","5802","101","435","80"
"","5831","110","314","106"
"","5872","120","200","67"
"","5877","108","83","31"
"","5919","117","362","121"
"","5923","73","136","48"
"","5944","104","435","80"
"","5945","116","74","29"
"","5947","117","20","5"
"","5961","103","435","80"
"","5998","110","223","72"
"","6016","79","259","87"
"","6029","88","73","29"
"","6046","63","220","71"
"","6060","86","136","48"
"","6069","88","136","48"
"","6070","58","220","71"
"","6100","114","328","111"
"","6102","82","262","87"
"","6109","63","306","104"
"","6119","86","365","122"
"","6129","59","64","25"
"","6135","83","262","87"
"","6136","85","112","40"
"","6154","82","102","37"
"","6178","96","237","76"
"","6179","74","200","67"
"","6180","86","339","114"
"","6190","82","306","104"
"","6197","87","339","114"
"","6205","72","188","64"
"","6219","89","339","114"
"","6222","90","339","114"
"","6241","102","247","80"
"","6242","92","339","114"
"","6244","93","339","114"
"","6247","94","339","114"
"","6250","83","306","104"
"","6252","95","339","114"
"","6254","96","339","114"
"","6262","97","339","114"
"","6265","98","339","114"
"","6267","91","247","80"
"","6273","99","339","114"
"","6274","100","339","114"
"","6278","101","339","114"
"","6282","102","339","114"
"","6284","58","257","87"
"","6306","59","435","80"
"","6307","104","339","114"
"","6338","67","73","29"
"","6351","78","306","104"
"","6354","86","328","111"
"","6358","62","306","104"
"","6364","66","73","29"
"","6368","62","136","48"
"","6369","96","247","80"
"","6370","88","330","111"
"","6462","111","136","48"
"","6470","113","136","48"
"","6475","62","188","64"
"","6495","109","136","48"
"","6517","108","136","48"
"","6523","78","435","80"
"","6527","34","73","29"
"","6535","86","112","40"
"","6541","56","73","29"
"","6553","83","98","37"
"","6560","87","112","40"
"","6570","88","112","40"
"","6581","111","53","23"
"","6582","89","112","40"
"","6589","113","53","23"
"","6611","90","112","40"
"","6622","68","306","104"
"","6624","128","73","29"
"","6626","116","136","48"
"","6630","118","136","48"
"","6657","120","136","48"
"","6659","119","136","48"
"","6661","91","112","40"
"","6669","110","53","23"
"","6676","121","239","77"
"","6686","92","112","40"
"","6688","93","112","40"
"","6689","94","112","40"
"","6692","95","112","40"
"","6694","72","306","104"
"","6720","78","111","40"
"","6723","91","54","23"
"","6725","62","111","40"
"","6726","114","54","23"
"","6727","97","112","40"
"","6730","99","112","40"
"","6734","100","112","40"
"","6740","101","112","40"
"","6741","102","112","40"
"","6742","98","112","40"
"","6749","103","112","40"
"","6752","104","112","40"
"","6767","92","469","162"
"","6772","112","54","23"
"","6776","115","54","23"
"","6781","91","194","65"
"","6793","93","469","162"
"","6794","94","469","162"
"","6798","91","469","162"
"","6806","56","194","65"
"","6814","83","136","48"
"","6821","56","257","87"
"","6832","91","309","104"
"","6845","60","55","23"
"","6876","82","220","71"
"","6878","65","54","23"
"","6879","87","365","122"
"","6885","85","395","132"
"","6892","88","365","122"
"","6903","89","365","122"
"","6907","90","365","122"
"","6945","95","469","162"
"","6952","110","328","111"
"","6954","92","365","122"
"","6955","128","59","25"
"","6956","93","365","122"
"","6960","94","365","122"
"","6961","88","98","37"
"","6984","95","365","122"
"","7014","87","395","132"
"","7016","97","365","122"
"","7017","88","395","132"
"","7018","98","365","122"
"","7025","89","395","132"
"","7026","99","365","122"
"","7048","108","111","40"
"","7049","109","111","40"
"","7066","82","331","111"
"","7084","71","394","132"
"","7086","111","98","37"
"","7087","112","98","37"
"","7093","113","98","37"
"","7099","115","98","37"
"","7115","56","339","114"
"","7167","32","388","130"
"","7177","56","105","39"
"","7188","62","394","132"
"","7211","82","194","65"
"","7253","124","73","29"
"","7261","83","331","111"
"","7271","85","388","130"
"","7281","109","389","130"
"","7286","108","120","43"
"","7291","112","111","40"
"","7301","135","313","106"
"","7306","111","111","40"
"","7309","134","313","106"
"","7318","57","52","23"
"","7319","133","311","106"
"","7321","111","435","80"
"","7326","113","111","40"
"","7330","123","73","29"
"","7331","113","435","80"
"","7336","56","307","104"
"","7348","108","389","130"
"","7363","86","388","130"
"","7384","109","120","43"
"","7389","111","120","43"
"","7396","114","111","40"
"","7399","32","257","87"
"","7407","115","111","40"
"","7413","113","120","43"
"","7414","87","388","130"
"","7516","59","75","29"
"","7519","89","388","130"
"","7520","121","52","23"
"","7521","90","388","130"
"","7540","88","388","130"
"","7557","116","435","80"
"","7586","62","94","36"
"","7589","138","313","106"
"","7597","114","98","37"
"","7621","65","193","64"
"","7634","62","194","65"
"","7639","56","362","121"
"","7660","79","306","104"
"","7663","112","120","43"
"","7678","115","120","43"
"","7680","116","120","43"
"","7691","58","105","39"
"","7720","92","388","130"
"","7728","58","339","114"
"","7765","118","120","43"
"","7767","119","120","43"
"","7769","64","54","23"
"","7827","128","330","111"
"","7832","57","74","29"
"","7838","112","94","36"
"","7842","115","94","36"
"","7853","116","94","36"
"","7896","116","60","25"
"","7928","68","54","23"
"","7943","85","262","87"
"","7946","86","262","87"
"","7952","118","94","36"
"","7953","95","388","130"
"","7954","87","262","87"
"","7964","136","76","29"
"","7995","88","262","87"
"","8006","97","388","130"
"","8007","118","229","73"
"","8009","126","73","29"
"","8061","128","315","106"
"","8062","98","388","130"
"","8065","99","388","130"
"","8071","119","94","36"
"","8074","119","229","73"
"","8092","88","406","137"
"","8105","137","76","29"
"","8162","101","388","130"
"","8173","63","101","37"
"","8177","102","388","130"
"","8276","112","74","29"
"","8281","89","262","87"
"","8282","90","262","87"
"","8284","81","435","80"
"","8285","129","315","106"
"","8289","115","74","29"
"","8305","83","194","65"
"","8312","91","262","87"
"","8314","83","54","23"
"","8320","79","130","47"
"","8333","62","105","39"
"","8341","92","262","87"
"","8345","114","94","36"
"","8354","104","388","130"
"","8371","94","262","87"
"","8372","96","362","121"
"","8379","93","262","87"
"","8425","130","315","106"
"","8443","109","94","36"
"","8451","78","105","39"
"","8474","116","308","104"
"","8477","131","315","106"
"","8484","112","435","80"
"","8486","97","262","87"
"","8487","83","94","36"
"","8489","98","262","87"
"","8491","62","183","63"
"","8495","63","257","87"
"","8497","114","434","80"
"","8499","63","51","23"
"","8501","82","130","47"
"","8508","115","435","80"
"","8526","132","315","106"
"","8531","58","64","25"
"","8536","100","262","87"
"","8539","118","62","25"
"","8540","99","262","87"
"","8542","91","330","111"
"","8549","82","94","36"
"","8552","118","435","80"
"","8570","101","262","87"
"","8572","102","262","87"
"","8575","119","62","25"
"","8588","120","435","80"
"","8605","119","435","80"
"","8607","104","262","87"
"","8619","103","262","87"
"","8651","65","309","104"
"","8702","120","62","25"
"","8724","83","130","47"
"","8734","79","188","64"
"","8758","62","362","121"
"","8759","121","185","63"
"","8763","85","222","71"
"","8768","86","222","71"
"","8769","87","222","71"
"","8770","88","222","71"
"","8771","89","222","71"
"","8782","90","222","71"
"","8796","59","257","87"
"","8810","139","64","25"
"","8832","57","188","64"
"","8843","57","220","71"
"","8965","29","205","67"
"","8975","28","205","67"
"","8993","108","223","72"
"","8999","106","54","23"
"","9001","79","339","114"
"","9009","30","200","67"
"","9022","111","223","72"
"","9024","79","105","39"
"","9029","129","76","29"
"","9053","56","112","40"
"","9079","57","316","106"
"","9088","73","105","39"
"","9089","73","339","114"
"","9115","28","52","23"
"","9118","29","52","23"
"","9124","112","136","48"
"","9150","78","188","64"
"","9175","29","307","104"
"","9195","30","52","23"
"","9205","111","309","104"
"","9225","115","136","48"
"","9231","60","194","65"
"","9285","28","60","25"
"","9299","113","223","72"
"","9334","113","309","104"
"","9338","114","309","104"
"","9407","83","200","67"
"","9442","59","362","121"
"","9444","50","185","63"
"","9450","74","306","104"
"","9462","118","309","104"
"","9477","121","328","111"
"","9489","120","309","104"
"","9501","92","222","71"
"","9507","119","309","104"
"","9512","27","200","67"
"","9537","58","406","137"
"","9571","59","229","73"
"","9577","93","222","71"
"","9581","86","182","63"
"","9587","94","222","71"
"","9606","60","305","104"
"","9607","121","200","67"
"","9635","97","222","71"
"","9638","62","229","73"
"","9643","75","306","104"
"","9646","81","54","23"
"","9741","58","306","104"
"","9753","102","182","63"
"","9769","101","182","63"
"","9789","116","111","40"
"","9810","29","257","87"
"","9817","57","105","39"
"","9842","57","339","114"
"","9847","73","183","63"
"","9850","139","315","106"
"","9851","73","306","104"
"","9859","98","182","63"
"","9867","99","182","63"
"","9870","100","182","63"
"","9916","98","222","71"
"","9919","99","222","71"
"","9923","100","222","71"
"","9940","28","257","87"
"","9945","101","222","71"
"","9948","102","222","71"
"","9951","103","182","63"
"","9967","103","222","71"
"","9969","29","74","29"
"","9976","31","64","25"
"","10005","104","222","71"
"","10013","29","434","80"
"","10049","78","183","63"
"","10074","133","105","39"
"","10089","71","305","104"
"","10094","108","191","64"
"","10124","75","200","67"
"","10145","133","339","114"
"","10153","109","302","103"
"","10164","29","316","106"
"","10179","29","388","130"
"","10181","31","434","80"
"","10183","28","311","106"
"","10186","31","200","67"
"","10207","31","388","130"
"","10211","113","389","130"
"","10226","27","311","106"
"","10231","28","388","130"
"","10243","111","105","39"
"","10252","32","435","80"
"","10274","112","105","39"
"","10281","113","105","39"
"","10333","108","302","103"
"","10358","59","194","65"
"","10425","97","182","63"
"","10428","101","365","122"
"","10442","102","365","122"
"","10482","109","191","64"
"","10552","111","339","114"
"","10555","124","200","67"
"","10568","111","191","64"
"","10573","112","339","114"
"","10585","86","105","39"
"","10588","87","105","39"
"","10596","59","189","64"
"","10599","113","339","114"
"","10604","108","105","39"
"","10608","89","105","39"
"","10610","109","105","39"
"","10611","130","76","29"
"","10619","90","105","39"
"","10620","131","76","29"
"","10621","108","339","114"
"","10628","113","191","64"
"","10640","109","339","114"
"","10684","85","182","63"
"","10688","92","105","39"
"","10696","93","105","39"
"","10698","114","191","64"
"","10699","132","76","29"
"","10701","116","191","64"
"","10702","94","105","39"
"","10711","96","105","39"
"","10717","87","182","63"
"","10722","88","182","63"
"","10723","95","105","39"
"","10729","97","105","39"
"","10731","98","105","39"
"","10735","99","105","39"
"","10736","89","182","63"
"","10741","90","182","63"
"","10742","121","247","80"
"","10745","101","105","39"
"","10746","73","365","122"
"","10757","104","182","63"
"","10760","66","53","23"
"","10761","85","504","180"
"","10769","100","105","39"
"","10771","86","504","180"
"","10785","87","504","180"
"","10789","88","504","180"
"","10792","101","265","89"
"","10802","102","265","89"
"","10815","90","504","180"
"","10818","91","182","63"
"","10819","89","504","180"
"","10820","82","63","25"
"","10837","112","191","64"
"","10848","115","191","64"
"","10856","110","105","39"
"","10868","65","60","25"
"","10878","115","105","39"
"","10881","71","105","39"
"","10887","118","191","64"
"","10902","56","415","141"
"","10908","92","265","89"
"","10917","85","483","114"
"","10919","93","265","89"
"","10933","94","265","89"
"","10966","85","120","43"
"","10968","97","265","89"
"","10992","119","191","64"
"","10995","102","210","68"
"","10999","86","120","43"
"","11005","101","210","68"
"","11007","108","251","65"
"","11017","87","210","68"
"","11024","88","210","68"
"","11029","92","182","63"
"","11030","89","210","68"
"","11036","93","182","63"
"","11047","94","182","63"
"","11070","90","210","68"
"","11087","88","266","89"
"","11088","87","120","43"
"","11089","95","220","71"
"","11090","82","394","132"
"","11096","109","251","65"
"","11101","88","120","43"
"","11118","90","120","43"
"","11125","94","210","68"
"","11132","89","120","43"
"","11134","66","200","67"
"","11149","95","210","68"
"","11195","92","210","68"
"","11200","93","210","68"
"","11217","34","311","106"
"","11225","79","393","132"
"","11262","81","306","104"
"","11274","134","185","63"
"","11275","96","210","68"
"","11291","83","395","132"
"","11297","104","105","39"
"","11329","133","306","104"
"","11350","58","200","67"
"","11380","91","368","123"
"","11387","102","105","39"
"","11394","105","193","64"
"","11419","88","105","39"
"","11434","86","210","68"
"","11441","111","194","65"
"","11446","97","210","68"
"","11450","110","339","114"
"","11451","98","210","68"
"","11457","115","339","114"
"","11461","99","210","68"
"","11463","100","210","68"
"","11482","113","194","65"
"","11495","71","313","106"
"","11497","103","210","68"
"","11500","104","210","68"
"","11502","96","220","71"
"","11503","31","307","104"
"","11510","106","193","64"
"","11512","114","194","65"
"","11559","58","191","64"
"","11567","85","210","68"
"","11607","86","368","123"
"","11614","85","368","123"
"","11645","87","368","123"
"","11660","88","368","123"
"","11666","135","185","63"
"","11677","85","105","39"
"","11680","89","368","123"
"","11700","90","368","123"
"","11706","116","251","65"
"","11708","59","483","114"
"","11710","98","266","89"
"","11712","67","200","67"
"","11714","91","105","39"
"","11715","99","266","89"
"","11741","114","105","39"
"","11776","85","189","64"
"","11784","58","94","36"
"","11785","86","189","64"
"","11788","115","194","65"
"","11792","112","194","65"
"","11799","124","247","80"
"","11812","29","102","37"
"","11818","110","194","65"
"","11820","92","368","123"
"","11821","93","368","123"
"","11823","31","102","37"
"","11826","94","368","123"
"","11836","28","102","37"
"","11867","79","94","36"
"","11868","79","200","67"
"","11876","97","368","123"
"","11881","98","368","123"
"","11882","27","307","104"
"","11902","99","368","123"
"","11911","100","368","123"
"","11919","101","368","123"
"","11920","119","222","71"
"","11923","114","483","114"
"","11926","31","313","106"
"","11929","102","368","123"
"","11930","30","102","37"
"","11949","81","200","67"
"","11952","32","395","132"
"","11971","30","307","104"
"","12016","118","222","71"
"","12025","29","393","132"
"","12032","104","368","123"
"","12054","139","222","71"
"","12073","32","102","37"
"","12079","108","210","68"
"","12113","134","306","104"
"","12124","120","222","71"
"","12128","28","394","132"
"","12172","118","194","65"
"","12174","31","395","132"
"","12201","87","191","64"
"","12260","89","191","64"
"","12261","90","191","64"
"","12275","30","394","132"
"","12279","91","191","64"
"","12334","97","191","64"
"","12337","98","191","64"
"","12339","99","191","64"
"","12341","100","191","64"
"","12347","101","191","64"
"","12348","102","191","64"
"","12367","104","191","64"
"","12402","116","339","114"
"","12522","66","60","25"
"","12526","67","60","25"
"","12530","106","200","67"
"","12541","64","60","25"
"","12666","88","189","64"
"","12673","92","189","64"
"","12693","93","189","64"
"","12709","94","189","64"
"","12714","95","189","64"
"","12724","91","120","43"
"","12738","103","189","64"
"","12742","92","223","72"
"","12751","93","223","72"
"","12753","94","223","72"
"","12772","94","120","43"
"","12775","97","223","72"
"","12776","87","356","118"
"","12777","98","223","72"
"","12778","139","328","111"
"","12787","92","120","43"
"","12788","93","120","43"
"","12789","103","483","114"
"","12842","99","223","72"
"","12858","100","223","72"
"","12866","64","309","104"
"","12881","79","102","37"
"","12883","96","189","64"
"","12884","104","223","72"
"","12889","103","223","72"
"","12895","97","120","43"
"","12897","29","112","40"
"","12898","98","120","43"
"","12903","121","313","106"
"","12912","99","120","43"
"","12913","101","223","72"
"","12922","100","120","43"
"","12923","102","223","72"
"","12932","90","223","72"
"","12947","88","223","72"
"","12958","103","105","39"
"","12972","101","120","43"
"","12978","133","493","67"
"","12979","102","120","43"
"","12985","116","98","37"
"","13021","67","309","104"
"","13037","116","389","130"
"","13061","91","222","71"
"","13071","95","120","43"
"","13074","96","120","43"
"","13120","103","120","43"
"","13133","104","120","43"
"","13188","118","74","29"
"","13190","120","194","65"
"","13214","83","63","25"
"","13217","119","194","65"
"","13258","81","311","106"
"","13260","50","52","23"
"","13274","119","74","29"
"","13340","120","98","37"
"","13368","65","194","65"
"","13379","98","356","118"
"","13381","119","98","37"
"","13401","99","356","118"
"","13403","100","356","118"
"","13406","118","98","37"
"","13426","59","94","36"
"","13460","103","356","118"
"","13478","59","130","47"
"","13480","65","136","48"
"","13482","60","331","111"
"","13484","109","210","68"
"","13485","33","56","23"
"","13506","29","120","43"
"","13509","116","105","39"
"","13510","91","356","118"
"","13541","88","339","114"
"","13543","91","339","114"
"","13547","101","356","118"
"","13562","28","120","43"
"","13570","102","356","118"
"","13572","127","74","29"
"","13584","62","130","47"
"","13588","90","356","118"
"","13611","68","98","37"
"","13616","97","356","118"
"","13626","78","418","143"
"","13636","105","200","67"
"","13638","92","356","118"
"","13654","93","356","118"
"","13658","94","356","118"
"","13659","134","200","67"
"","13662","81","328","111"
"","13665","95","356","118"
"","13676","78","362","121"
"","13734","74","315","106"
"","13755","108","418","143"
"","13761","28","74","29"
"","13773","69","200","67"
"","13779","56","210","68"
"","13790","109","418","143"
"","13803","96","356","118"
"","13825","32","112","40"
"","13826","111","418","143"
"","13832","104","356","118"
"","13833","89","356","118"
"","13842","112","418","143"
"","13845","113","418","143"
"","13848","133","331","111"
"","13869","110","200","67"
"","13890","120","54","23"
"","13898","85","417","143"
"","13902","86","417","143"
"","13913","60","362","121"
"","13954","114","418","143"
"","13967","87","417","143"
"","13973","33","200","67"
"","14009","29","105","39"
"","14023","115","418","143"
"","14043","28","222","71"
"","14065","32","105","39"
"","14066","29","339","114"
"","14108","89","417","143"
"","14115","32","339","114"
"","14117","88","417","143"
"","14120","90","417","143"
"","14121","29","222","71"
"","14143","120","94","36"
"","14155","32","222","71"
"","14174","92","417","143"
"","14188","93","417","143"
"","14192","61","99","37"
"","14194","28","339","114"
"","14199","94","417","143"
"","14205","28","105","39"
"","14219","95","417","143"
"","14222","86","356","118"
"","14225","81","98","37"
"","14230","58","227","73"
"","14235","51","200","67"
"","14237","32","120","43"
"","14257","97","417","143"
"","14258","59","105","39"
"","14260","98","417","143"
"","14261","99","417","143"
"","14264","100","417","143"
"","14266","125","74","29"
"","14280","31","120","43"
"","14281","63","95","36"
"","14288","29","60","25"
"","14289","101","417","143"
"","14296","102","417","143"
"","14303","27","222","71"
"","14314","128","229","73"
"","14320","27","120","43"
"","14322","31","222","71"
"","14330","103","417","143"
"","14354","104","417","143"
"","14361","82","362","121"
"","14380","27","1","5"
"","14400","110","111","40"
"","14450","66","314","106"
"","14471","67","313","106"
"","14481","59","99","37"
"","14490","64","313","106"
"","14491","141","20","5"
"","14492","142","20","5"
"","14493","143","20","5"
"","14532","139","51","23"
"","14581","96","417","143"
"","14596","82","120","43"
"","14640","91","417","143"
"","14656","29","328","111"
"","14698","30","222","71"
"","14717","111","389","130"
"","14735","30","120","43"
"","14744","120","120","43"
"","14751","71","189","64"
"","14755","56","189","64"
"","14757","110","189","64"
"","14763","32","60","25"
"","14764","67","188","64"
"","14771","72","483","114"
"","14805","32","94","36"
"","14807","112","309","104"
"","14808","115","309","104"
"","14815","29","94","36"
"","14898","56","120","43"
"","14908","30","94","36"
"","14938","81","61","25"
"","14944","108","368","123"
"","14945","106","136","48"
"","14971","28","94","36"
"","14988","31","94","36"
"","14993","28","328","111"
"","15008","27","74","29"
"","15013","32","328","111"
"","15024","118","389","130"
"","15047","57","94","36"
"","15062","31","362","121"
"","15064","119","389","130"
"","15109","27","389","130"
"","15113","27","101","37"
"","15126","117","477","170"
"","15157","27","105","39"
"","15158","28","362","121"
"","15160","78","131","47"
"","15171","27","94","36"
"","15173","31","105","39"
"","15177","31","74","29"
"","15179","139","366","122"
"","15186","82","388","130"
"","15189","88","94","36"
"","15197","81","120","43"
"","15217","60","418","143"
"","15276","91","94","36"
"","15289","27","64","25"
"","15294","120","389","130"
"","15299","27","257","87"
"","15316","29","362","121"
"","15323","118","483","114"
"","15388","78","120","43"
"","15397","51","247","80"
"","15452","32","362","121"
"","15453","64","194","65"
"","15476","106","314","106"
"","15481","62","120","43"
"","15515","72","105","39"
"","15523","104","94","36"
"","15532","30","362","121"
"","15542","27","339","114"
"","15544","73","189","64"
"","15549","27","362","121"
"","15553","31","339","114"
"","15572","62","365","122"
"","15578","52","313","106"
"","15583","105","483","114"
"","15599","27","328","111"
"","15602","31","330","111"
"","15606","111","368","123"
"","15613","59","418","143"
"","15627","113","368","123"
"","15636","35","316","106"
"","15660","114","368","123"
"","15662","37","311","106"
"","15675","38","316","106"
"","15691","36","316","106"
"","15940","85","302","103"
"","15954","85","358","119"
"","15959","86","302","103"
"","15964","85","177","61"
"","15985","86","177","61"
"","15991","87","302","103"
"","15992","53","73","29"
"","15999","87","177","61"
"","16013","89","177","61"
"","16029","88","302","103"
"","16030","65","105","39"
"","16034","89","302","103"
"","16048","79","469","162"
"","16056","90","177","61"
"","16064","90","302","103"
"","16139","91","302","103"
"","16143","88","177","61"
"","16155","43","314","106"
"","16164","92","302","103"
"","16173","120","191","64"
"","16179","101","358","119"
"","16190","102","358","119"
"","16200","97","358","119"
"","16218","87","358","119"
"","16234","88","358","119"
"","16238","93","302","103"
"","16241","95","94","36"
"","16244","89","358","119"
"","16247","90","358","119"
"","16254","94","302","103"
"","16258","96","94","36"
"","16285","62","60","25"
"","16292","45","316","106"
"","16318","97","302","103"
"","16346","136","313","106"
"","16393","98","302","103"
"","16396","99","302","103"
"","16400","100","302","103"
"","16408","110","309","104"
"","16414","137","313","106"
"","16415","101","302","103"
"","16421","102","302","103"
"","16442","49","313","106"
"","16467","104","302","103"
"","16491","57","64","25"
"","16509","62","417","143"
"","16514","58","120","43"
"","16532","139","120","43"
"","16546","27","395","132"
"","16548","120","483","114"
"","16575","139","237","76"
"","16583","81","222","71"
"","16605","105","105","39"
"","16659","65","339","114"
"","16666","103","358","119"
"","16678","104","358","119"
"","16693","62","210","68"
"","16698","86","358","119"
"","16706","98","358","119"
"","16711","99","358","119"
"","16716","100","358","119"
"","16717","118","105","39"
"","16720","63","330","111"
"","16732","139","111","40"
"","16734","91","358","119"
"","16736","114","389","130"
"","16740","92","358","119"
"","16745","93","358","119"
"","16749","94","358","119"
"","16751","95","358","119"
"","16787","119","105","39"
"","16801","119","483","114"
"","16803","74","83","31"
"","16811","63","189","64"
"","16836","46","316","106"
"","16856","56","276","92"
"","16888","51","192","64"
"","16897","68","94","36"
"","16923","111","83","31"
"","16985","116","417","143"
"","17020","27","51","23"
"","17036","39","316","106"
"","17050","42","311","106"
"","17051","128","105","39"
"","17061","44","314","106"
"","17083","31","55","23"
"","17127","110","237","76"
"","17143","78","210","68"
"","17144","112","223","72"
"","17154","113","83","31"
"","17155","128","339","114"
"","17163","114","223","72"
"","17167","115","223","72"
"","17168","120","105","39"
"","17177","28","130","47"
"","17178","28","309","104"
"","17180","29","130","47"
"","17194","31","130","47"
"","17214","128","306","104"
"","17226","133","189","64"
"","17230","40","316","106"
"","17236","63","483","114"
"","17265","114","83","31"
"","17278","139","210","68"
"","17283","115","389","130"
"","17287","112","389","130"
"","17289","128","189","64"
"","17313","120","130","47"
"","17323","67","483","114"
"","17327","121","105","39"
"","17331","121","339","114"
"","17360","82","339","114"
"","17369","91","130","47"
"","17388","82","105","39"
"","17394","105","328","111"
"","17428","81","339","114"
"","17436","120","74","29"
"","17499","65","328","111"
"","17552","129","306","104"
"","17587","67","328","111"
"","17610","60","339","114"
"","17614","83","339","114"
"","17615","75","315","106"
"","17681","84","62","25"
"","17704","75","83","31"
"","17785","60","105","39"
"","17790","117","194","65"
"","17810","58","330","111"
"","17830","82","191","64"
"","17834","139","339","114"
"","17840","121","64","25"
"","17896","114","120","43"
"","17903","73","111","40"
"","17908","81","105","39"
"","17944","116","83","31"
"","17947","110","229","73"
"","17978","57","331","111"
"","18003","139","308","104"
"","18009","71","328","111"
"","18071","73","61","25"
